"Museo,""EdadVisitantes"""
Prado,57
Prado,68
Prado,46
Prado,43
Prado,39
Prado,41
Prado,39
Prado,60
Prado,57
Prado,36
Prado,45
Prado,59
Prado,44
Prado,42
Prado,33
Prado,29
Prado,44
Prado,43
Prado,47
Prado,30
Prado,18
Prado,38
Prado,28
Prado,22
Prado,53
Prado,62
Prado,30
Prado,55
Prado,47
Prado,38
Prado,59
Prado,50
Prado,38
Prado,47
Prado,52
Prado,36
Prado,44
Prado,17
Prado,53
Prado,59
Prado,31
Prado,54
Prado,57
Prado,43
Prado,42
Prado,43
Prado,52
Prado,53
Prado,34
Prado,71
Prado,47
Prado,49
Prado,29
Prado,28
Prado,75
Prado,45
Prado,49
Prado,9
Prado,54
Prado,23
Prado,46
Prado,58
Prado,74
Prado,32
Prado,40
Prado,29
Prado,61
Prado,46
Prado,31
Prado,60
Prado,39
Prado,52
Prado,36
Prado,53
Prado,53
Prado,17
Prado,53
Prado,59
Prado,52
Prado,51
Prado,49
Prado,76
Prado,56
Prado,48
Prado,56
Prado,50
Prado,40
Prado,56
Prado,49
Prado,62
Prado,21
Prado,28
Prado,22
Prado,38
Prado,36
Prado,74
Prado,41
Prado,34
Prado,56
Prado,44
Prado,24
Prado,27
Prado,67
Prado,32
Prado,84
Prado,41
Prado,53
Prado,46
Prado,30
Prado,43
Prado,41
Prado,50
Prado,59
Prado,65
Prado,73
Prado,55
Prado,18
Prado,54
Prado,36
Prado,57
Prado,58
Prado,39
Prado,62
Prado,35
Prado,43
Prado,65
Prado,43
Prado,58
Prado,59
Prado,64
Prado,36
Prado,53
Prado,33
Prado,41
Prado,68
Prado,39
Prado,33
Prado,46
Prado,64
Prado,21
Prado,56
Prado,50
Prado,41
Prado,43
Prado,55
Prado,38
Prado,30
Prado,36
Prado,39
Prado,48
Prado,66
Prado,24
Prado,45
Prado,37
Prado,37
Prado,39
Prado,38
Prado,52
Prado,40
Prado,55
Prado,10
Prado,54
Prado,28
Prado,33
Prado,43
Prado,19
Prado,33
Prado,46
Prado,20
Prado,57
Prado,67
Prado,72
Prado,22
Prado,39
Prado,49
Prado,41
Prado,26
Prado,24
Prado,38
Prado,42
Prado,49
Prado,16
Prado,41
Prado,54
Prado,47
Prado,22
Prado,44
Prado,48
Prado,48
Prado,26
Prado,65
Prado,35
Prado,35
Prado,34
Prado,43
Prado,51
Prado,27
Prado,38
Prado,52
Prado,7
Prado,11
Prado,23
Prado,55
Prado,50
Prado,40
Prado,76
Prado,35
Prado,42
Prado,44
Prado,52
Prado,45
Prado,48
Prado,64
Prado,50
Prado,39
Prado,63
Prado,54
Prado,56
Prado,7
Prado,45
Prado,49
Prado,79
Prado,57
Prado,29
Prado,34
Prado,45
Prado,45
Prado,36
Prado,29
Prado,54
Prado,38
Prado,54
Prado,68
Prado,49
Prado,36
Prado,67
Prado,45
Prado,47
Prado,50
Prado,46
Prado,67
Prado,40
Prado,40
Prado,52
Prado,52
Prado,71
Prado,43
Prado,42
Prado,42
Prado,28
Prado,53
Prado,42
Prado,59
Prado,46
Prado,33
Prado,43
Prado,22
Prado,67
Prado,62
Prado,26
Prado,72
Prado,52
Prado,27
Prado,47
Prado,42
Prado,40
Prado,39
Prado,58
Prado,45
Prado,31
Prado,24
Prado,61
Prado,46
Prado,29
Prado,54
Prado,43
Prado,52
Prado,42
Prado,55
Prado,51
Prado,45
Prado,70
Prado,42
Prado,41
Prado,60
Prado,58
Prado,36
Prado,58
Prado,26
Prado,18
Prado,50
Prado,47
Prado,40
Prado,33
Prado,36
Prado,49
Prado,67
Prado,71
Prado,44
Prado,31
ReinaSofia,25
ReinaSofia,17
ReinaSofia,17
ReinaSofia,22
ReinaSofia,21
ReinaSofia,38
ReinaSofia,21
ReinaSofia,21
ReinaSofia,24
ReinaSofia,20
ReinaSofia,38
ReinaSofia,26
ReinaSofia,33
ReinaSofia,15
ReinaSofia,26
ReinaSofia,17
ReinaSofia,17
ReinaSofia,22
ReinaSofia,27
ReinaSofia,21
ReinaSofia,17
ReinaSofia,25
ReinaSofia,21
ReinaSofia,17
ReinaSofia,22
ReinaSofia,25
ReinaSofia,36
ReinaSofia,27
ReinaSofia,21
ReinaSofia,31
ReinaSofia,3
ReinaSofia,35
ReinaSofia,26
ReinaSofia,15
ReinaSofia,22
ReinaSofia,17
ReinaSofia,32
ReinaSofia,18
ReinaSofia,26
ReinaSofia,20
ReinaSofia,31
ReinaSofia,26
ReinaSofia,33
ReinaSofia,21
ReinaSofia,27
ReinaSofia,22
ReinaSofia,41
ReinaSofia,26
ReinaSofia,37
ReinaSofia,23
ReinaSofia,38
ReinaSofia,32
ReinaSofia,16
ReinaSofia,33
ReinaSofia,28
ReinaSofia,36
ReinaSofia,29
ReinaSofia,18
ReinaSofia,37
ReinaSofia,15
ReinaSofia,32
ReinaSofia,16
ReinaSofia,27
ReinaSofia,21
ReinaSofia,22
ReinaSofia,26
ReinaSofia,32
ReinaSofia,33
ReinaSofia,17
ReinaSofia,24
ReinaSofia,20
ReinaSofia,28
ReinaSofia,10
ReinaSofia,26
ReinaSofia,17
ReinaSofia,37
ReinaSofia,25
ReinaSofia,23
ReinaSofia,18
ReinaSofia,22
ReinaSofia,17
ReinaSofia,15
ReinaSofia,26
ReinaSofia,32
ReinaSofia,26
ReinaSofia,28
ReinaSofia,36
ReinaSofia,23
ReinaSofia,25
ReinaSofia,17
ReinaSofia,17
ReinaSofia,36
ReinaSofia,27
ReinaSofia,10
ReinaSofia,34
ReinaSofia,16
ReinaSofia,17
ReinaSofia,20
ReinaSofia,20
ReinaSofia,38
ReinaSofia,25
ReinaSofia,28
ReinaSofia,26
ReinaSofia,34
ReinaSofia,24
ReinaSofia,25
ReinaSofia,27
ReinaSofia,30
ReinaSofia,34
ReinaSofia,33
ReinaSofia,34
ReinaSofia,16
ReinaSofia,20
ReinaSofia,18
ReinaSofia,38
ReinaSofia,21
ReinaSofia,31
ReinaSofia,20
ReinaSofia,31
ReinaSofia,17
ReinaSofia,26
ReinaSofia,26
ReinaSofia,24
ReinaSofia,17
ReinaSofia,15
ReinaSofia,34
ReinaSofia,19
ReinaSofia,27
ReinaSofia,18
ReinaSofia,35
ReinaSofia,33
ReinaSofia,24
ReinaSofia,39
ReinaSofia,30
ReinaSofia,17
ReinaSofia,15
ReinaSofia,28
ReinaSofia,23
ReinaSofia,28
ReinaSofia,31
ReinaSofia,24
ReinaSofia,25
ReinaSofia,15
ReinaSofia,23
ReinaSofia,47
ReinaSofia,19
ReinaSofia,33
ReinaSofia,27
ReinaSofia,14
ReinaSofia,23
ReinaSofia,31
ReinaSofia,46
ReinaSofia,18
ReinaSofia,23
ReinaSofia,27
ReinaSofia,22
ReinaSofia,18
ReinaSofia,20
ReinaSofia,16
ReinaSofia,17
ReinaSofia,39
ReinaSofia,17
ReinaSofia,24
ReinaSofia,24
ReinaSofia,15
ReinaSofia,39
ReinaSofia,18
ReinaSofia,12
ReinaSofia,37
ReinaSofia,31
ReinaSofia,25
ReinaSofia,31
ReinaSofia,14
ReinaSofia,34
ReinaSofia,24
ReinaSofia,17
ReinaSofia,26
ReinaSofia,21
ReinaSofia,23
ReinaSofia,35
ReinaSofia,32
ReinaSofia,22
ReinaSofia,27
ReinaSofia,29
ReinaSofia,18
ReinaSofia,20
ReinaSofia,24
ReinaSofia,32
ReinaSofia,19
ReinaSofia,38
ReinaSofia,23
ReinaSofia,25
ReinaSofia,35
ReinaSofia,24
ReinaSofia,31
ReinaSofia,33
ReinaSofia,32
ReinaSofia,11
ReinaSofia,11
ReinaSofia,21
ReinaSofia,15
ReinaSofia,36
ReinaSofia,27
ReinaSofia,26
ReinaSofia,21
ReinaSofia,28
ReinaSofia,24
ReinaSofia,32
ReinaSofia,11
ReinaSofia,7
ReinaSofia,6
ReinaSofia,20
ReinaSofia,16
ReinaSofia,8
ReinaSofia,9
ReinaSofia,21
ReinaSofia,28
ReinaSofia,19
ReinaSofia,15
ReinaSofia,18
ReinaSofia,24
ReinaSofia,25
ReinaSofia,26
ReinaSofia,30
ReinaSofia,23
ReinaSofia,20
ReinaSofia,23
ReinaSofia,21
ReinaSofia,33
ReinaSofia,41
ReinaSofia,21
ReinaSofia,27
ReinaSofia,34
ReinaSofia,28
ReinaSofia,25
ReinaSofia,14
ReinaSofia,21
ReinaSofia,26
ReinaSofia,27
ReinaSofia,28
ReinaSofia,27
ReinaSofia,20
ReinaSofia,13
ReinaSofia,19
ReinaSofia,27
ReinaSofia,21
ReinaSofia,25
ReinaSofia,24
ReinaSofia,22
ReinaSofia,32
ReinaSofia,34
ReinaSofia,27
ReinaSofia,47
ReinaSofia,25
ReinaSofia,35
ReinaSofia,22
ReinaSofia,40
ReinaSofia,18
ReinaSofia,16
ReinaSofia,20
ReinaSofia,26
ReinaSofia,30
ReinaSofia,29
ReinaSofia,3
ReinaSofia,31
ReinaSofia,35
ReinaSofia,22
ReinaSofia,14
ReinaSofia,15
ReinaSofia,34
ReinaSofia,18
ReinaSofia,24
ReinaSofia,31
ReinaSofia,16
ReinaSofia,36
ReinaSofia,24
ReinaSofia,17
ReinaSofia,20
ReinaSofia,23
ReinaSofia,39
ReinaSofia,22
ReinaSofia,20
ReinaSofia,25
ReinaSofia,43
ReinaSofia,41
ReinaSofia,29
ReinaSofia,16
ReinaSofia,19
ReinaSofia,21
ReinaSofia,27
ReinaSofia,26
ReinaSofia,27
ReinaSofia,17
ReinaSofia,18
ReinaSofia,24
ReinaSofia,26
ReinaSofia,33
ReinaSofia,15
ReinaSofia,29
ReinaSofia,34
