"""Museo"",""EdadVisitantes"""
"""Prado"", 10"
"""Prado"", 11"
"""Prado"", 16"
"""Prado"", 17"
"""Prado"", 17"
"""Prado"", 18"
"""Prado"", 18"
"""Prado"", 18"
"""Prado"", 19"
"""Prado"", 20"
"""Prado"", 21"
"""Prado"", 21"
"""Prado"", 22"
"""Prado"", 22"
"""Prado"", 22"
"""Prado"", 22"
"""Prado"", 22"
"""Prado"", 23"
"""Prado"", 23"
"""Prado"", 24"
"""Prado"", 24"
"""Prado"", 24"
"""Prado"", 24"
"""Prado"", 26"
"""Prado"", 26"
"""Prado"", 26"
"""Prado"", 26"
"""Prado"", 27"
"""Prado"", 27"
"""Prado"", 27"
"""Prado"", 28"
"""Prado"", 28"
"""Prado"", 28"
"""Prado"", 28"
"""Prado"", 28"
"""Prado"", 29"
"""Prado"", 29"
"""Prado"", 29"
"""Prado"", 29"
"""Prado"", 29"
"""Prado"", 29"
"""Prado"", 30"
"""Prado"", 30"
"""Prado"", 30"
"""Prado"", 30"
"""Prado"", 31"
"""Prado"", 31"
"""Prado"", 31"
"""Prado"", 31"
"""Prado"", 32"
"""Prado"", 32"
"""Prado"", 33"
"""Prado"", 33"
"""Prado"", 33"
"""Prado"", 33"
"""Prado"", 33"
"""Prado"", 33"
"""Prado"", 33"
"""Prado"", 34"
"""Prado"", 34"
"""Prado"", 34"
"""Prado"", 34"
"""Prado"", 35"
"""Prado"", 35"
"""Prado"", 35"
"""Prado"", 35"
"""Prado"", 36"
"""Prado"", 36"
"""Prado"", 36"
"""Prado"", 36"
"""Prado"", 36"
"""Prado"", 36"
"""Prado"", 36"
"""Prado"", 36"
"""Prado"", 36"
"""Prado"", 36"
"""Prado"", 36"
"""Prado"", 37"
"""Prado"", 37"
"""Prado"", 38"
"""Prado"", 38"
"""Prado"", 38"
"""Prado"", 38"
"""Prado"", 38"
"""Prado"", 38"
"""Prado"", 38"
"""Prado"", 38"
"""Prado"", 38"
"""Prado"", 39"
"""Prado"", 39"
"""Prado"", 39"
"""Prado"", 39"
"""Prado"", 39"
"""Prado"", 39"
"""Prado"", 39"
"""Prado"", 39"
"""Prado"", 39"
"""Prado"", 39"
"""Prado"", 40"
"""Prado"", 40"
"""Prado"", 40"
"""Prado"", 40"
"""Prado"", 40"
"""Prado"", 40"
"""Prado"", 40"
"""Prado"", 40"
"""Prado"", 41"
"""Prado"", 41"
"""Prado"", 41"
"""Prado"", 41"
"""Prado"", 41"
"""Prado"", 41"
"""Prado"", 41"
"""Prado"", 41"
"""Prado"", 41"
"""Prado"", 42"
"""Prado"", 42"
"""Prado"", 42"
"""Prado"", 42"
"""Prado"", 42"
"""Prado"", 42"
"""Prado"", 42"
"""Prado"", 42"
"""Prado"", 42"
"""Prado"", 42"
"""Prado"", 43"
"""Prado"", 43"
"""Prado"", 43"
"""Prado"", 43"
"""Prado"", 43"
"""Prado"", 43"
"""Prado"", 43"
"""Prado"", 43"
"""Prado"", 43"
"""Prado"", 43"
"""Prado"", 43"
"""Prado"", 43"
"""Prado"", 43"
"""Prado"", 44"
"""Prado"", 44"
"""Prado"", 44"
"""Prado"", 44"
"""Prado"", 44"
"""Prado"", 44"
"""Prado"", 44"
"""Prado"", 45"
"""Prado"", 45"
"""Prado"", 45"
"""Prado"", 45"
"""Prado"", 45"
"""Prado"", 45"
"""Prado"", 45"
"""Prado"", 45"
"""Prado"", 45"
"""Prado"", 45"
"""Prado"", 46"
"""Prado"", 46"
"""Prado"", 46"
"""Prado"", 46"
"""Prado"", 46"
"""Prado"", 46"
"""Prado"", 46"
"""Prado"", 46"
"""Prado"", 46"
"""Prado"", 47"
"""Prado"", 47"
"""Prado"", 47"
"""Prado"", 47"
"""Prado"", 47"
"""Prado"", 47"
"""Prado"", 47"
"""Prado"", 47"
"""Prado"", 48"
"""Prado"", 48"
"""Prado"", 48"
"""Prado"", 48"
"""Prado"", 48"
"""Prado"", 49"
"""Prado"", 49"
"""Prado"", 49"
"""Prado"", 49"
"""Prado"", 49"
"""Prado"", 49"
"""Prado"", 49"
"""Prado"", 49"
"""Prado"", 49"
"""Prado"", 50"
"""Prado"", 50"
"""Prado"", 50"
"""Prado"", 50"
"""Prado"", 50"
"""Prado"", 50"
"""Prado"", 50"
"""Prado"", 50"
"""Prado"", 51"
"""Prado"", 51"
"""Prado"", 51"
"""Prado"", 52"
"""Prado"", 52"
"""Prado"", 52"
"""Prado"", 52"
"""Prado"", 52"
"""Prado"", 52"
"""Prado"", 52"
"""Prado"", 52"
"""Prado"", 52"
"""Prado"", 52"
"""Prado"", 52"
"""Prado"", 53"
"""Prado"", 53"
"""Prado"", 53"
"""Prado"", 53"
"""Prado"", 53"
"""Prado"", 53"
"""Prado"", 53"
"""Prado"", 53"
"""Prado"", 53"
"""Prado"", 54"
"""Prado"", 54"
"""Prado"", 54"
"""Prado"", 54"
"""Prado"", 54"
"""Prado"", 54"
"""Prado"", 54"
"""Prado"", 54"
"""Prado"", 54"
"""Prado"", 55"
"""Prado"", 55"
"""Prado"", 55"
"""Prado"", 55"
"""Prado"", 55"
"""Prado"", 55"
"""Prado"", 56"
"""Prado"", 56"
"""Prado"", 56"
"""Prado"", 56"
"""Prado"", 56"
"""Prado"", 56"
"""Prado"", 57"
"""Prado"", 57"
"""Prado"", 57"
"""Prado"", 57"
"""Prado"", 57"
"""Prado"", 57"
"""Prado"", 58"
"""Prado"", 58"
"""Prado"", 58"
"""Prado"", 58"
"""Prado"", 58"
"""Prado"", 58"
"""Prado"", 59"
"""Prado"", 59"
"""Prado"", 59"
"""Prado"", 59"
"""Prado"", 59"
"""Prado"", 59"
"""Prado"", 59"
"""Prado"", 60"
"""Prado"", 60"
"""Prado"", 60"
"""Prado"", 61"
"""Prado"", 61"
"""Prado"", 62"
"""Prado"", 62"
"""Prado"", 62"
"""Prado"", 62"
"""Prado"", 63"
"""Prado"", 64"
"""Prado"", 64"
"""Prado"", 64"
"""Prado"", 65"
"""Prado"", 65"
"""Prado"", 65"
"""Prado"", 66"
"""Prado"", 67"
"""Prado"", 67"
"""Prado"", 67"
"""Prado"", 67"
"""Prado"", 67"
"""Prado"", 67"
"""Prado"", 68"
"""Prado"", 68"
"""Prado"", 68"
"""Prado"", 7"
"""Prado"", 7"
"""Prado"", 70"
"""Prado"", 71"
"""Prado"", 71"
"""Prado"", 71"
"""Prado"", 72"
"""Prado"", 72"
"""Prado"", 73"
"""Prado"", 74"
"""Prado"", 74"
"""Prado"", 75"
"""Prado"", 76"
"""Prado"", 76"
"""Prado"", 79"
"""Prado"", 84"
"""Prado"", 9"
"""ReinaSofia"", 10"
"""ReinaSofia"", 10"
"""ReinaSofia"", 11"
"""ReinaSofia"", 11"
"""ReinaSofia"", 11"
"""ReinaSofia"", 12"
"""ReinaSofia"", 13"
"""ReinaSofia"", 14"
"""ReinaSofia"", 14"
"""ReinaSofia"", 14"
"""ReinaSofia"", 14"
"""ReinaSofia"", 15"
"""ReinaSofia"", 15"
"""ReinaSofia"", 15"
"""ReinaSofia"", 15"
"""ReinaSofia"", 15"
"""ReinaSofia"", 15"
"""ReinaSofia"", 15"
"""ReinaSofia"", 15"
"""ReinaSofia"", 15"
"""ReinaSofia"", 15"
"""ReinaSofia"", 15"
"""ReinaSofia"", 15"
"""ReinaSofia"", 16"
"""ReinaSofia"", 16"
"""ReinaSofia"", 16"
"""ReinaSofia"", 16"
"""ReinaSofia"", 16"
"""ReinaSofia"", 16"
"""ReinaSofia"", 16"
"""ReinaSofia"", 16"
"""ReinaSofia"", 16"
"""ReinaSofia"", 17"
"""ReinaSofia"", 17"
"""ReinaSofia"", 17"
"""ReinaSofia"", 17"
"""ReinaSofia"", 17"
"""ReinaSofia"", 17"
"""ReinaSofia"", 17"
"""ReinaSofia"", 17"
"""ReinaSofia"", 17"
"""ReinaSofia"", 17"
"""ReinaSofia"", 17"
"""ReinaSofia"", 17"
"""ReinaSofia"", 17"
"""ReinaSofia"", 17"
"""ReinaSofia"", 17"
"""ReinaSofia"", 17"
"""ReinaSofia"", 17"
"""ReinaSofia"", 17"
"""ReinaSofia"", 17"
"""ReinaSofia"", 17"
"""ReinaSofia"", 17"
"""ReinaSofia"", 18"
"""ReinaSofia"", 18"
"""ReinaSofia"", 18"
"""ReinaSofia"", 18"
"""ReinaSofia"", 18"
"""ReinaSofia"", 18"
"""ReinaSofia"", 18"
"""ReinaSofia"", 18"
"""ReinaSofia"", 18"
"""ReinaSofia"", 18"
"""ReinaSofia"", 18"
"""ReinaSofia"", 18"
"""ReinaSofia"", 18"
"""ReinaSofia"", 19"
"""ReinaSofia"", 19"
"""ReinaSofia"", 19"
"""ReinaSofia"", 19"
"""ReinaSofia"", 19"
"""ReinaSofia"", 19"
"""ReinaSofia"", 20"
"""ReinaSofia"", 20"
"""ReinaSofia"", 20"
"""ReinaSofia"", 20"
"""ReinaSofia"", 20"
"""ReinaSofia"", 20"
"""ReinaSofia"", 20"
"""ReinaSofia"", 20"
"""ReinaSofia"", 20"
"""ReinaSofia"", 20"
"""ReinaSofia"", 20"
"""ReinaSofia"", 20"
"""ReinaSofia"", 20"
"""ReinaSofia"", 20"
"""ReinaSofia"", 20"
"""ReinaSofia"", 21"
"""ReinaSofia"", 21"
"""ReinaSofia"", 21"
"""ReinaSofia"", 21"
"""ReinaSofia"", 21"
"""ReinaSofia"", 21"
"""ReinaSofia"", 21"
"""ReinaSofia"", 21"
"""ReinaSofia"", 21"
"""ReinaSofia"", 21"
"""ReinaSofia"", 21"
"""ReinaSofia"", 21"
"""ReinaSofia"", 21"
"""ReinaSofia"", 21"
"""ReinaSofia"", 21"
"""ReinaSofia"", 21"
"""ReinaSofia"", 21"
"""ReinaSofia"", 21"
"""ReinaSofia"", 22"
"""ReinaSofia"", 22"
"""ReinaSofia"", 22"
"""ReinaSofia"", 22"
"""ReinaSofia"", 22"
"""ReinaSofia"", 22"
"""ReinaSofia"", 22"
"""ReinaSofia"", 22"
"""ReinaSofia"", 22"
"""ReinaSofia"", 22"
"""ReinaSofia"", 22"
"""ReinaSofia"", 22"
"""ReinaSofia"", 22"
"""ReinaSofia"", 23"
"""ReinaSofia"", 23"
"""ReinaSofia"", 23"
"""ReinaSofia"", 23"
"""ReinaSofia"", 23"
"""ReinaSofia"", 23"
"""ReinaSofia"", 23"
"""ReinaSofia"", 23"
"""ReinaSofia"", 23"
"""ReinaSofia"", 23"
"""ReinaSofia"", 23"
"""ReinaSofia"", 23"
"""ReinaSofia"", 24"
"""ReinaSofia"", 24"
"""ReinaSofia"", 24"
"""ReinaSofia"", 24"
"""ReinaSofia"", 24"
"""ReinaSofia"", 24"
"""ReinaSofia"", 24"
"""ReinaSofia"", 24"
"""ReinaSofia"", 24"
"""ReinaSofia"", 24"
"""ReinaSofia"", 24"
"""ReinaSofia"", 24"
"""ReinaSofia"", 24"
"""ReinaSofia"", 24"
"""ReinaSofia"", 24"
"""ReinaSofia"", 24"
"""ReinaSofia"", 24"
"""ReinaSofia"", 25"
"""ReinaSofia"", 25"
"""ReinaSofia"", 25"
"""ReinaSofia"", 25"
"""ReinaSofia"", 25"
"""ReinaSofia"", 25"
"""ReinaSofia"", 25"
"""ReinaSofia"", 25"
"""ReinaSofia"", 25"
"""ReinaSofia"", 25"
"""ReinaSofia"", 25"
"""ReinaSofia"", 25"
"""ReinaSofia"", 25"
"""ReinaSofia"", 25"
"""ReinaSofia"", 25"
"""ReinaSofia"", 26"
"""ReinaSofia"", 26"
"""ReinaSofia"", 26"
"""ReinaSofia"", 26"
"""ReinaSofia"", 26"
"""ReinaSofia"", 26"
"""ReinaSofia"", 26"
"""ReinaSofia"", 26"
"""ReinaSofia"", 26"
"""ReinaSofia"", 26"
"""ReinaSofia"", 26"
"""ReinaSofia"", 26"
"""ReinaSofia"", 26"
"""ReinaSofia"", 26"
"""ReinaSofia"", 26"
"""ReinaSofia"", 26"
"""ReinaSofia"", 26"
"""ReinaSofia"", 26"
"""ReinaSofia"", 26"
"""ReinaSofia"", 26"
"""ReinaSofia"", 27"
"""ReinaSofia"", 27"
"""ReinaSofia"", 27"
"""ReinaSofia"", 27"
"""ReinaSofia"", 27"
"""ReinaSofia"", 27"
"""ReinaSofia"", 27"
"""ReinaSofia"", 27"
"""ReinaSofia"", 27"
"""ReinaSofia"", 27"
"""ReinaSofia"", 27"
"""ReinaSofia"", 27"
"""ReinaSofia"", 27"
"""ReinaSofia"", 27"
"""ReinaSofia"", 27"
"""ReinaSofia"", 27"
"""ReinaSofia"", 27"
"""ReinaSofia"", 27"
"""ReinaSofia"", 28"
"""ReinaSofia"", 28"
"""ReinaSofia"", 28"
"""ReinaSofia"", 28"
"""ReinaSofia"", 28"
"""ReinaSofia"", 28"
"""ReinaSofia"", 28"
"""ReinaSofia"", 28"
"""ReinaSofia"", 28"
"""ReinaSofia"", 28"
"""ReinaSofia"", 29"
"""ReinaSofia"", 29"
"""ReinaSofia"", 29"
"""ReinaSofia"", 29"
"""ReinaSofia"", 29"
"""ReinaSofia"", 3"
"""ReinaSofia"", 3"
"""ReinaSofia"", 30"
"""ReinaSofia"", 30"
"""ReinaSofia"", 30"
"""ReinaSofia"", 30"
"""ReinaSofia"", 31"
"""ReinaSofia"", 31"
"""ReinaSofia"", 31"
"""ReinaSofia"", 31"
"""ReinaSofia"", 31"
"""ReinaSofia"", 31"
"""ReinaSofia"", 31"
"""ReinaSofia"", 31"
"""ReinaSofia"", 31"
"""ReinaSofia"", 31"
"""ReinaSofia"", 31"
"""ReinaSofia"", 32"
"""ReinaSofia"", 32"
"""ReinaSofia"", 32"
"""ReinaSofia"", 32"
"""ReinaSofia"", 32"
"""ReinaSofia"", 32"
"""ReinaSofia"", 32"
"""ReinaSofia"", 32"
"""ReinaSofia"", 32"
"""ReinaSofia"", 32"
"""ReinaSofia"", 33"
"""ReinaSofia"", 33"
"""ReinaSofia"", 33"
"""ReinaSofia"", 33"
"""ReinaSofia"", 33"
"""ReinaSofia"", 33"
"""ReinaSofia"", 33"
"""ReinaSofia"", 33"
"""ReinaSofia"", 33"
"""ReinaSofia"", 33"
"""ReinaSofia"", 34"
"""ReinaSofia"", 34"
"""ReinaSofia"", 34"
"""ReinaSofia"", 34"
"""ReinaSofia"", 34"
"""ReinaSofia"", 34"
"""ReinaSofia"", 34"
"""ReinaSofia"", 34"
"""ReinaSofia"", 34"
"""ReinaSofia"", 34"
"""ReinaSofia"", 35"
"""ReinaSofia"", 35"
"""ReinaSofia"", 35"
"""ReinaSofia"", 35"
"""ReinaSofia"", 35"
"""ReinaSofia"", 35"
"""ReinaSofia"", 36"
"""ReinaSofia"", 36"
"""ReinaSofia"", 36"
"""ReinaSofia"", 36"
"""ReinaSofia"", 36"
"""ReinaSofia"", 36"
"""ReinaSofia"", 37"
"""ReinaSofia"", 37"
"""ReinaSofia"", 37"
"""ReinaSofia"", 37"
"""ReinaSofia"", 38"
"""ReinaSofia"", 38"
"""ReinaSofia"", 38"
"""ReinaSofia"", 38"
"""ReinaSofia"", 38"
"""ReinaSofia"", 38"
"""ReinaSofia"", 39"
"""ReinaSofia"", 39"
"""ReinaSofia"", 39"
"""ReinaSofia"", 39"
"""ReinaSofia"", 40"
"""ReinaSofia"", 41"
"""ReinaSofia"", 41"
"""ReinaSofia"", 41"
"""ReinaSofia"", 43"
"""ReinaSofia"", 46"
"""ReinaSofia"", 47"
"""ReinaSofia"", 47"
"""ReinaSofia"", 6"
"""ReinaSofia"", 7"
"""ReinaSofia"", 8"
"""ReinaSofia"", 9"
